Title,URL
Regulation V of 1799  to  Act No. I  of 1872,http://bdlaws.minlaw.gov.bd/volume-1.html
Act No. III  of 1872  to  Act No. II  of 1882,http://bdlaws.minlaw.gov.bd/volume-2.html
Act No. IV  of 1882  to  Act No. III  of 1898,http://bdlaws.minlaw.gov.bd/volume-3.html
Act No. V  of 1898  to  Act No. II  of 1899,http://bdlaws.minlaw.gov.bd/volume-4.html
Act No. IV  of 1899  to  Act No. V  of 1908,http://bdlaws.minlaw.gov.bd/volume-5.html
Act No. VI  of 1908  to  Act No. VI  of 1913,http://bdlaws.minlaw.gov.bd/volume-6.html
Act No. II  of 1914  to  Act No. XXVI  of 1925,http://bdlaws.minlaw.gov.bd/volume-7.html
Act No. XXXIX  of 1925  to  Act No. XIV  of 1936,http://bdlaws.minlaw.gov.bd/volume-8.html
Act No. I of 1937 to Ordinance No. VII of 1941,http://bdlaws.minlaw.gov.bd/volume-9.html
Bengal Act No. IV of 1942 to E. B. Act No. XXVIII of 1951,http://bdlaws.minlaw.gov.bd/volume-10.html
Act No. II of 1951 to Act No. XXXVIII of 1957,http://bdlaws.minlaw.gov.bd/volume-11.html
E.P. Act No. XV of 1957 to Ordinance No. XXXV of 1961,http://bdlaws.minlaw.gov.bd/volume-12.html
Ordinance No. XLV of 1961 to E. P. Ordinance No. VIII of 1963,http://bdlaws.minlaw.gov.bd/volume-13.html
E. P. Act No. IX of 1964 to A. P. O. No. 3 of 1971,http://bdlaws.minlaw.gov.bd/volume-14.html
The Constitution of 1972 to P. O. No. 76 of 1972,http://bdlaws.minlaw.gov.bd/volume-15.html
P.O. No. 77 of 1972 to Act No. VII of 1973,http://bdlaws.minlaw.gov.bd/volume-16.html
Act No. VIII of 1973 to Act No. XXXI of 1973,http://bdlaws.minlaw.gov.bd/volume-17.html
Act No. XXXIII of 1973 to Act No. XXV of 1974,http://bdlaws.minlaw.gov.bd/volume-18.html
Act No. XXVI of 1974 to Ordinance No. L of 1976,http://bdlaws.minlaw.gov.bd/volume-19.html
Ordinance No. LII of 1976 to Ordinance No. LXIII of 1977,http://bdlaws.minlaw.gov.bd/volume-20.html
Ordinance No. II of 1978 to Act No. XXII of 1980,http://bdlaws.minlaw.gov.bd/volume-21.html
Act No. XXIII of 1980 to Ordinance No. VIII of 1982,http://bdlaws.minlaw.gov.bd/volume-22.html
Ordinance No. XII of 1982 to Ordinance No. XXVI of 1983,http://bdlaws.minlaw.gov.bd/volume-23.html
Ordinance No. XXVII of 1983 to Ordinance No. LV of 1983,http://bdlaws.minlaw.gov.bd/volume-24.html
Ordinance No. LVI of 1983 to Ordinance No. XXXVI of 1984,http://bdlaws.minlaw.gov.bd/volume-25.html
Act No. XXXVII of 1984 to Act No. LXIV of 1986,http://bdlaws.minlaw.gov.bd/volume-26.html
১৯৮৭ সনের ২ নং আইন হইতে ১৯৮৯ সনের ৩৭ নং আইন পর্যন্ত,http://bdlaws.minlaw.gov.bd/volume-27.html
১৯৯০ সনের ৯ নং আইন হইতে ১৯৯১ সনের ২১ নং আইন পর্যন্ত,http://bdlaws.minlaw.gov.bd/volume-28.html
১৯৯১ সনের ২২ নং আইন হইতে ১৯৯৩ সনের ১৮ নং আইন পর্যন্ত,http://bdlaws.minlaw.gov.bd/volume-29.html
১৯৯৩ সনের ১৯ নং আইন হইতে ১৯৯৪ সনের ২৬ নং আইন পর্যন্ত,http://bdlaws.minlaw.gov.bd/volume-30.html
১৯৯৫ সনের ১ নং আইন হইতে ১৯৯৮ সনের ৮ নং আইন পর্যন্ত,http://bdlaws.minlaw.gov.bd/volume-31.html
১৯৯৮ সনের ১২ নং আইন হইতে ২০০০ সনের ১৯ নং আইন পর্যন্ত,http://bdlaws.minlaw.gov.bd/volume-32.html
২০০০ সনের ২০ নং আইন হইতে ২০০১ সনের ৩০ নং আইন পর্যন্ত,http://bdlaws.minlaw.gov.bd/volume-33.html
২০০১ সনের ৩১ নং আইন হইতে ২০০১ সনের ৪৫ নং আইন পর্যন্ত,http://bdlaws.minlaw.gov.bd/volume-34.html
২০০১ সনের ৪৬ নং আইন হইতে ২০০৩ সনের ৩১ নং আইন পর্যন্ত,http://bdlaws.minlaw.gov.bd/volume-35.html
২০০৩ সনের ৩২ নং আইন হইতে ২০০৫ সনের ২৮ নং আইন পর্যন্ত,http://bdlaws.minlaw.gov.bd/volume-36.html
২০০৬ সনের ৬ নং আইন হইতে ৩৯ নং আইন পর্যন্ত,http://bdlaws.minlaw.gov.bd/volume-37.html
২০০৬ সনের ৪০ নং আইন হইতে ৪৮ নং আইন পর্যন্ত,http://bdlaws.minlaw.gov.bd/volume-38.html
২০০৯ সনের ১নং আইন হইতে ৬৬ নং আইন পর্যন্ত,http://bdlaws.minlaw.gov.bd/volume-39.html
২০১০ সনের ১নং আইন হইতে ৬৩নং আইন পর্যন্ত,http://bdlaws.minlaw.gov.bd/volume-40.html
২০১১ সনের ১ নং আইন হইতে ২৩ নং আইন পর্যন্ত,http://bdlaws.minlaw.gov.bd/volume-41.html
২০১২ সনের ১নং  আইন হইতে ৪৯ নং আইন পর্যন্ত,http://bdlaws.minlaw.gov.bd/volume-42.html
২০১৩ সনের ১ নং আইন হইতে ৬৯ নং আইন পর্যন্ত,http://bdlaws.minlaw.gov.bd/volume-43.html
২০১৪ সনের ১ নং আইন হইতে ১৯ নং আইন পর্যন্ত,http://bdlaws.minlaw.gov.bd/volume-44.html
২০১৫ সনের ১ নং আইন হইতে ২৯ নং আইন পযর্ন্ত,http://bdlaws.minlaw.gov.bd/volume-45.html
২০১৬ সনের ১ নং আইন হইতে ৫০ নং আইন পযর্ন্ত,http://bdlaws.minlaw.gov.bd/volume-46.html
২০১৭ সনের ১ নং আইন হইতে ২৪ নং আইন পর্যন্ত,http://bdlaws.minlaw.gov.bd/volume-47.html
২০১৮ সনের ১ নং আইন হইতে ৭১ নং আইন পর্যন্ত,http://bdlaws.minlaw.gov.bd/volume-48.html
২০১৯ সনের ১ নং আইন হইতে ১৯ নং আইন পর্যন্ত,http://bdlaws.minlaw.gov.bd/volume-49.html
২০২০ সনের ১ নং আইন হইতে  ২৭ নং আইন পর্যন্ত,http://bdlaws.minlaw.gov.bd/volume-50.html
২০২১ সনের  ১ নং আইন হইতে ৩১ নং আইন পর্যন্ত,http://bdlaws.minlaw.gov.bd/volume-51.html
২০২২ সনের ১ নং আইন হইতে ২১ নং আইন পর্যন্ত,http://bdlaws.minlaw.gov.bd/volume-52.html
২০২৩ সনের ১ নং আইন হইতে ৬৬ নং আইন পর্যন্ত,http://bdlaws.minlaw.gov.bd/volume-53.html
২০২৪ সনের  ১ নং আইন হইতে ১০ নং আইন পর্যন্ত,http://bdlaws.minlaw.gov.bd/volume-54.html
২০২৪ সনের ০১ নং অধ্যাদেশ হইতে ১৭ নং অধ্যাদেশ,http://bdlaws.minlaw.gov.bd/volume-55.html
২০২৫ সনের ০১ নং অধ্যাদেশ হইতে ৩৫ নং অধ্যাদেশ,http://bdlaws.minlaw.gov.bd/volume-56.html
